"Про що б ви не мріяли — робіть. Бо в зухвалості є геній, сила і магія"
"Варто тільки повірити, що ви можете — і ви вже на півдорозі до цілі"
"Успіх — це здатність крокувати від однієї невдачі до іншої, не втрачаючи ентузіазму"
"Ви повинні займатися тим, що робить вас щасливим. Забудьте про гроші або інші пастки, які заведено вважати успіхом. У вас всього одне життя"
"Ви не повинні бути великими, щоб почати, але ви повинні почати, щоб бути великими"
"Щоб дійти до мети, людині потрібно тільки одне — йти"
"Хто ніколи не помилявся, той ніколи не брався за щось нове"
"Якщо ви думаєте, що можете, ви маєте рацію, якщо ви думаєте, що не можете, ви теж маєте рацію"
"Завжди обирайте найважчу дорогу – на ній ви не зустрінете конкурентів"
"Ми — раби своїх звичок. Змініть свої звички, і зміниться ваше життя"
"Ви ніколи не перетнете океан, якщо не наберетеся мужності втратити берег з виду"
"Успіх — це здатність ризикувати і бути невпинним у праці, а також здатність бачити можливості там, де інші бачать тільки небезпеку"
"Свобода — це вміння сказати «так» своїм мріям. Гідність — це вміння сказати «ні» своїм страхам"
"Секрет втілення мрії складається з чотирьох слів: допитливість, сміливість, впевненість і сталість"
"Якщо ви цінуєте те, що у вас вже є в житті, ви завжди отримуватимете ще більше. Якщо думаєте лише про те, чого у вас немає — вам ніколи не буде досить"
"Краще зазнати невдачі в оригінальності, ніж досягти успіху в наслідуванні"
"Якщо ваш внутрішній голос каже, що ви не можете малювати — малюйте якомога більше, тоді цей голос затихне"
"Успіх – це здатність пристосовуватися до змін у світі і використовувати їх як можливості"
"Я ніколи не терпів поразок. Я просто знайшов 10 000 способів, які не працюють"
"Успіх — це сума маленьких зусиль, які повторюються кожного дня"
"Успіх пов’язаний з дією. Успішні люди продовжують рухатись. Вони роблять помилки, але не кидають все"
"Успіх — це не підсумок мрій, а підсумок творчої праці"
"Успіху часто досягають ті, хто не знає, що поразка неминуча"
"Невдачі — дуже важлива частина успіху. Щоразу під час провалу та підйому на ноги ми практикуємо завзятість, яка є головним ключем у житті"
"Неважливо, як повільно ти йдеш, головне — не зупиняйся"
"Кожна мрія тобі дається разом з силами, необхідними для її здійснення. Однак тобі, можливо, доведеться для цього потрудитися"
"Є тільки один спосіб уникнути критики: нічого не робіть, нічого не говоріть і будьте ніким"
"Той, хто не планує, прирікає себе на очевидну поразку"
"Або ви керуєте вашим днем, або день керує вами"
"Жодного разу не впасти — не найбільша заслуга в житті. Головне кожен раз підніматися"
"Наші сьогоднішні сумніви — єдина межа наших завтрашніх звершень"
"Я переконаний у тому, що половина того, що відділяє успішних підприємців від невдах — це наполегливість"
"Краще бути впевненим в хорошому результаті, ніж сподіватися на відмінний."
"Відчуття, що ти чогось досяг — це найнебезпечніша отрута. Протиотрута — щовечора думати про те, що можна поліпшити завтра"
"Єдині люди, які ніколи не терплять невдач, — це ті, хто не підіймається на велику висоту"
"У світі, що швидко змінюється, єдина стратегія, яка гарантовано зазнає невдачі, — це не ризикувати"
"Успіх нічому не вчить. Він тільки переконує розумних людей, що вони не можуть програти"
"Однією з переваг успіху в житті є свобода робити все, що вам подобається"
"Неможливих речей немає. Є недостатня кількість спроб"
"Великі починання не треба обмірковувати, треба взятися за справу, інакше, помітивши труднощі, відступиш"
"Я знав, що якщо зазнаю невдачі, я не пошкодую про це, але я знав, що єдине, про що можу пошкодувати, це те, що не спробував"
"Чемпіонами стають не в тренажерних залах. Чемпіона народжує те, що у людини всередині — бажання, мрії, цілі"
"Відправною точкою всіх досягнень є бажання"
"Почніть робити те, що потрібно. Потім робіть те, що можливо. І ви раптом виявите, що робите неможливе"
"Найкращий спосіб почати робити – перестати говорити і почати робити"
"Рано вставай. Рано лягай. Багато працюй і себе просувай"
"Все, що можна уявити – реально"
"Ваше благополуччя залежить від ваших власних рішень"
"Той, хто не досить сміливий, щоб ризикувати – нічого і не доб’ється у житті"
"Іноді щось може йти не так, як хотілося б, але ви не повинні зупинятися"
"Ви отримуєте від життя лише те, що наважуєтеся попросити. Не бійтеся підвищувати планку"
"Найскладніше почати діяти, все інше залежить тільки від наполегливості"
"Життя – це те, що з тобою відбувається, поки ти будуєш плани"
"Ви ніколи не перетнете океан, якщо не наберетеся мужності втратити берег з виду"
"Найчастіше говорять, що мотивації вистачає ненадовго. Але те ж саме відбувається і з освіжаючим душем, тому і рекомендують його приймати щодня"
"Почніть звідти, де ви зараз перебуваєте. Використовуйте те, що у вас є і робіть все, що можете"
"Якщо немає вітру, беріться за весла"
"Успіх – це здатність крокувати від однієї невдачі до іншої, не втрачаючи ентузіазму"
"Людина вмирає тоді, коли перестає змінюватися, а похорон – просто формальність"
"У цьому новому році будьте вдячні за те, що Бог дав вам перемогу над багатьма речами за минулий рік"
"Запиши собі у серці, що кожен день найкращий день у році"
"Я не знаю, куди я піду, але обіцяю, що нудно не буде"
"Я ніколи не мріяла про успіх. Я працювала для цього"
"Впевнено йди у напрямку своєї мрії! Живи життям, яке ти собі уявив!"
"Виклики — це подарунки, які змушують нас шукати новий центр тяжіння. Не боріться з ними. Просто знайдіть новий спосіб вистояти"
"Це неправда, що люди перестають йти до мрій, тому що старіють. Вони старіють, тому що перестають йти до мрій"
"Більшість важливих речей у світі досягнуто людьми, які продовжували намагатися, коли здавалося, що надії взагалі не було"
"Наша найбільша слабкість полягає в тому, щоб здаватися. Найнадійніший спосіб досягти успіху – це спробувати ще раз"
"Найкращий момент, щоб посадити дерево, був двадцять років тому. Наступний – сьогодні"
"Не важливо, як повільно ти просуваєшся, головне, що ти не зупиняєшся"
"Запам’ятайте, що не досягти успіху – іноді теж велика удача"
"Біда не приходить одна, але й удача теж"
"Єдине щастя в житті – це постійне прагнення вперед"
"Життя вимірюється не тим, скільки в ньому років, а тим, скільки в цих роках справжнього життя"
"Жодного разу не впасти – це не найбільша заслуга в життя. Головне кожен раз підніматися"
"Або ви керуєте вашим днем, або день управляє вами"
"Дійшовши до кінця, люди сміються над страхами, мучівшімі їх спочатку"
"Якщо ви не готові ризикнути звичайним, вам доведеться задовольнятися пересічним"
"Якщо ти не знаєш, чого хочеш, ти в результаті залишишся з тим, чого точно не хочеш"
"Не питайте, чого потребує світ, – запитайте себе, що наповнює вас життям. Світу потрібні люди, наповнені життям"
"Щоб дійти до мети, треба йти"
"Не ноша тягне вас вниз, а те, як ви її несете"
"Це свого роду забава, робити неможливе"
"Можливості не приходять самі – ви створюєте їх"
"Якщо люди не сміються над вашими цілями, значить ваші цілі занадто дрібні"
"Кращий спосіб взятися за щось – перестати говорити і почати робити"
"Пробуйте і зазнаєте невдачі, але не переривайте ваших старань"
"Успіх – це здатність зазнавати поразки за поразкою без втрати ентузіазму"
"Ми самі повинні стати тими змінами, які хочемо бачити в світі"
"Ми народжені бути наполегливими, бо тільки через наполегливість дізнаємося, чого ми варті насправді"
"Перешкоди – це ті страшні речі, які ви бачите, коли відводите очі від мети"
"Не дозволяйте дня вчорашнього відняти занадто багато у дня сьогоднішнього"
"Постановка цілей є першим кроком на шляху перетворення мрії в реальність"
"Всякий раз, коли ви бачите успішну людину, ви помічаєте лише славу, навколишнє його, але не те, чим він пожертвував заради цього"
"Бути найбагатшою людиною на кладовищі для мене не важливо … Лягати спати і говорити собі, що зробив дійсно щось прекрасне, – ось що важливо!"
"Прагніть бути не найуспішнішим, а найціннішим"
"Через здійснення великих цілей людина виявляє в собі і великий характер, що робить його маяком для інших"
"Ми повинні викликати, а не чекати натхнення, щоб почати справу. Дія завжди породжує натхнення. Натхнення рідко породжує дію"
"Мотивацію, звичайно, неможливо підтримувати постійно. Але це як приймати ванну: потрібно робити це на регулярній основі"
"Коли ви знаєте, чого хочете, і ви хочете цього досить сильно, ви знайдете спосіб отримати це"
"Пристрасть – ключ до мотивації, але тільки рішучість і готовність до жорсткої гонитви за своєю метою дозволить вам досягти успіху"
"Я витрачаю майже весь свій час на Facebook. У мене практично немає часу на нові захоплення. Тому я ставлю перед собою чіткі цілі"
"Щоб виграти, ви повинні повірити, що ви цього варті"
"Щоб досягти поставлених цілей, потрібні терпіння і ентузіазм. Мислите глобально – але будьте реалістами"
"Мотивацію, звичайно, неможливо підтримувати постійно. Але це як приймати ванну: потрібно робити це на регулярній основі"
"Найнебезпечніший отрута – почуття досягнення мети. Протиотрута до якого – щовечора думати, що можна завтра зробити краще"
"Якщо ви працюєте над тим, що для вас дійсно важливо, вас не доводиться підганяти. Вас тягне вперед ваша мрія"
"Куля, просвістевшая на дюйм від мети, так само марна, як та, що ні вилітала з дула"
"Я не можу змінити напрям вітру, але можу розгорнути вітрила так, що завжди доберуся туди, куди мені потрібно"
"Ніколи, ніколи не дозволяйте іншим переконати вас, що щось складно або неможливо"
"Не допустити помилок, значить прожити неповноцінну життя"
"Успіх зазвичай приходить до тих, хто занадто зайнятий, щоб його просто чекати"
"Ми самі повинні стати тими змінами, які хочемо бачити в світі"
"Щоб досягти успіху, перестаньте гнатися за грошима, женіться за мрією"
"Якщо цей тягар дісталося мені, значить, воно мені по плечу"
"Секрет успішного життя – це зрозуміти, що вам призначено робити, і робити це"
"Щоб йти в майбутнє, потрібно позбутися від минулого"
"Успіх – це сума невеликих зусиль, що повторюються день у день"
"Те, що мене не вбиває, робить мене сильніше"
"Я не знаю, що є ключем до успіху, але ключ до невдачі – це бажання всім догодити"
"Не бійся зволікати, бійся зупинитися"
"Успішні люди роблять те, що неуспішні не хочуть робити. Не прагніть, щоб було легше, прагнете, щоб було краще"
"Коли ви досягнете кінця мотузки, зав’яжіть вузол і тримайтеся"
"Прагніть бути не просто успішною людиною, а цінним"
"Побоюючись вибуху, ти риєш притулок, але сенс не в притулок, б’ються не заради битви – заради перемоги"
"Одна перемога не веде до успіху, на відміну від постійного бажання перемагати"
"В ту мить, коли людина зважується на щось, провидіння теж починає діяти"
"Здійснюйте свої мрії, або хтось найме вас для здійснення своїх"
"Привчай себе до того, щоб у тебе були тільки хороші думки. Вони зроблять з твоїм свідомістю чудеса"
"Свій успіх я пояснюю ось тим, що я ніколи не виправдовувалася і не слухала виправдань"
"Успіх – це рух від невдачі до невдачі без втрати ентузіазму"
"Мета не завжди повинна бути досяжна, часто вона лише служить тим, до чого можна прагнути"
"Успіх – це сходи, на неї не піднятися, тримаючи руки в кишенях"
"Сила походить не від перемог. Силу породжує боротьба. Коли ви проходите через труднощі і вирішувати нездаватися – це і є сила"
"Успіх – це встигнути"
"Якщо ви хочете змінити щось назавжди, перестаньте думати про те, як великі ваші проблеми і подумайте про те, як великі ви"
"Успіх – справа чистого випадку. Це вам скаже будь-який невдаха"
"Я – не результат обставин. Я – результат власних рішень"
"Успіх – НЕ ключ до щастя. Щастя – це ключ до успіху. Якщо ви любите те, що ви робите, ви будете мати успіх"
"Якщо ви дійсно хочете чогось, не чекайте – навчіть себе бути нетерплячим"
"Успіх – це баланс. Успіх – це коли ви є тим, чим ви можете бути, не жертвуючи нічим іншим у вашому житті"
"Багато здається неможливим, поки ти цього не зробиш"
"Успіх часто буває єдиною видимою різницею між генієм і божевіллям"
"Завжди викладайся на повну. Що посієш – те й пожнеш"
"Секрет життєвого успіху: будь готовий до можливості до того, як вона виникне"
"Використовуйте те, що у вас є, і робіть все, що можете"
"Всяка робота важка до часу, поки її не полюбиш, а потім вона збуджує і стає легше"
"Роби. Або не роби. Не треба намагатися. майстер Йода"
"Вибери професію, яку ти любиш, – і тобі не доведеться працювати жодного дня в твоєму житті"
"Перестаньте порівнювати свою першу главу з моєї пятнадцятої. Ми всі на різних розділах свого життя"
"Геніальність може виявитися лише скороминущим шансом. Тільки робота і воля можуть дати їй життя і звернути її в славу"
"Якщо ви працюєте над поставленими цілями, то ці цілі будуть працювати на вас"
"Жити – значить працювати. Праця є життя людини"
"Ви повинні вже сьогодні ставитися до себе як до людини, домігся успіху"
"Постарайтеся отримати те, що любите, інакше доведеться полюбити те, що отримали"
"Щоразу потрібно стрибати зі скелі і відрощувати крила по шляху вниз"
"Робота, яку ми робимо охоче, зцілює болю"
"Непереможним бути можеш, якщо не вступиш у жодній бій, в якому перемога не від тебе залежить"
"Роби що можеш, з тим, що у тебе є, там, де ти знаходишся"
"У серйозних справах слід піклуватися не стільки про те, щоб створити сприятливі можливості, скільки про те, щоб їх не втратити"
"Завжди пам’ятайте про те, що ваша рішучість досягти успіху важливіше всього іншого"
"Кожна мрія тобі дається разом з силами, необхідними для її здійснення. Однак тобі, можливо, доведеться заради цього попрацювати"
"Хто хоче – шукає можливості. Хто не хоче – шукає причини"
"Щоб дійти до мети, людині потрібно тільки одне. Йти"
"Любов і робота – єдині стоять речі в житті. Робота – це своєрідна форма любові"
"Їж боятися втратити берег з уваги"
"Є тільки один вид роботи, який не викликає депресії, – це робота, яку ти не зобов’язаний робити"
"Бажання домогтися успіху без наполегливої Праці схоже з бажанням зняти урожай там, де ви не садили насіння"
"Я твердо вірю в удачу, і я помітив: чим більше я працюю, тим я більш вдалим"
"Щоб плисти проти течії, риба повинна бути сильною, плисти за течією може навіть мертва риба"
"Натхнення приходить тільки під час роботи"
"Спочатку робіть, що потрібно. Тоді – те, що можливо. Лиш тоді ви побачите, що робите неможливе"
"Найкращий метод, щоб почати щось робити – перестати говорити і почати робити"
"Якщо ви вірите, що можете все, ви дійсно все зможете"
"Від життя ви отримуєте тільки те, що просите. Не бійтеся просити більше"
"Постійне прагнення бути кращим є обов’язком людини. Це вже винагорода. Все інше в Божих руках"
"Щаслива людина настільки задоволена сьогоденням, що не маю часу думати про майбутнє"
"Ви не повинні зупинятися, навіть якщо щось може йти не так, як би хотілось"
"Потрібно вірити в себе та свої здібності! Без раціональної впевненості у своїх силах, неможливо бути успішним та щасливим"
"Ми не знаємо, ким ми можемо бути, ми лише знаємо, хто ми є"
"Інші ролі зайняті, тому будьте собою"
"Нічого не досягне у житті той, хто не має сміливості ризикувати"
"Плани – ніщо, планування – все"
"Зміни – основа життя. Майбутнє пропустять ті, хто дивиться тільки в минуле чи лише на сьогодення"
"Удосконалення – це зміни, бути досконалим – означає змінюватися постійно"
"Краще змовчати і здатися дурнем, ніж заговорити і розвіяти всі сумніви"
"Розум ніколи не вичерпується, навчаючись"
"Плани – ніщо, планування – все"
"Не заслуговує життя той, хто не цінує його"
"Від ваших власних рішень залежить ваше благополуччя"
"Щоб навчитись багато чому, потрібно братися відразу за небагато"
"Наріжними каменями нашої людяності є любов і робота"
"Перше правило: Ніколи не втрачайте гроші. Друге правило: Ніколи не забувайте перше правило"
"Коли людина перестає змінюватись, вона вмирає, а похорон – просто формальність"
"Я можу помилятися, тому за свої переконання я ніколи не віддам життя"
"Наші сьогоднішні сумніви – єдина межа наших завтрашніх звершень"
"Успіх оцінить той, хто ним не пересичений. Спраглий більше оцінить нектар"
"Це має значення, якщо ви не здаєтеся"
"Реальне все, що можна уявити"
"Найрозумніші люди не в уряді. Бізнес викрав би їх, якби вони там були"
"Найважливіша річ у житті – завтрашній день. Він приходить опівночі. Він сподівається, що відучора ми хоч чомусь навчилися"
"У владу долі вірять лише нещасні. Щасливі світу цього всі успіхи, яких вони досягають, приписують самим собі"
"Розум людини здатен досягти того, що може осягнути і в що він може повірити"
"Щасливі світу цього всі успіхи приписують самим собі"
"Прагніть цінностей успіху, а не самого успіху"
"Мій успіх – це результат того, що я ніколи не виправдовувалася і не приймала виправдань від інших"
"Почати діяти – це найскладніше, все інше залежить тільки від наполегливості"
"Життя – це те, що з тобою відбувається, поки ти плануєш майбутнє"
"Логіка може провести з пункту А до пункту Б, а уява – куди завгодно"
"Не слід проживати неосмислене життя"
"Основна частина успіху – це з’явитися в потрібному місці в потрібний час"
"Ваш час обмежений, не витрачайте його, живучи чужим життям"
"Перемога – це ще не все, потрібне постійне бажання перемагати"
"Організоване знання – це наука, організоване життя – це мудрість"
"Немає слова 'неможливо' у моєму словнику"
"Ви не зможете перетнути океан, якщо не наважитесь відплисти від берега"
"Немає нічого неможливого"
"Свобода нічого не вартує, якщо вона не передбачає свободу помилятися"
"Або день керує вами або ви керуєте вашим днем"
"Якщо ви думаєте, що можете , ви маєте рацію, якщо ви думаєте, що не можете, ви теж маєте рацію"
"Два найважливіших дні у житті: день, коли ми з’явились на світ, і день, коли зрозуміли навіщо"
"Недостатньо лише мати знання; їх треба вміти використовувати. Недостатньо лише хотіти; треба діяти"
"Величезний успіх – найкраща помста"
"Кажуть, що мотивації вистачає ненадовго. Але те ж саме відбувається і з душем, тому й слід його приймати щодня"
"Є лише один шлях, щоб уникнути критики: нічого не робити, нічого не говорити і бути ніким"
"Людина, якою вам слід бути – це лише та людина, якою ви самі хочете бути"
"Ідіть впевнено до своєї мрії. Живіть так, як самі захотіли"
"Краще бути впевненим в гарному результаті, ніж сподіватися на відмінний"
"Деякі речі можуть привернути вашу увагу, але краще зосередьтеся на тих, які торкаються вашого серця"
"Лише повіривши, що ви можете – і ви вже на пів шляху до цілі"
"Не слід звинувачувати дитину в тому, що вона боїться темряви. Справжнє горе – це коли доросла людина боїться світла"
"Почніть говорити 'не знаю', і це вже буде прогрес"
"Лише повіривши, що ви можете – і ви на пів шляху до цілі"
"Почніть з того місця, де ви перебуваєте. Застосовуйте те, що у вас є, і робіть все, що у ваших силах"
"Впади сім разів, піднімися вісім"
"Коли зачинились одні двері, відкриваються інші, але ми цього часто не помічаємо, втупившись у зачинені двері"
"У всьому є щось гарне , але не кожен здатен це побачити"
"Як чудово, що не потрібно чекати, щоб почати робити світ кращим"
"Коли я стаю вільним від того, хто я є, я стаю тим, ким можу бути"
"Ваш щастя залежить від ваших дій та рішень"
"Розуміння мети – відправна точка всіх досягнень"
"Ми є те, про що ми думаємо"
"Я не є заручником обставин, я є результатом моїх рішень"
"Накращий момент, щоб посадити дерево, був двадцять років тому. Наступний – сьогодні"
"Усі діти є художниками. Суть у тому, щоб залишитися художником, коли дорослішаєш"
"Я не провалив завдання. Просто я винайшов 100 способів зробити його неправильно"
"Поразка – не поразка, якщо ви її не визнали"
"Невдача – це лише можливість почати спочатку, але вже більш мудро"
"Краще померти від захоплення, ніж від нудьги"
"Найшвидше вчишся у трьох ситуаціях: до 7 років, на тренінгах, і коли тебе загнали в кут"
"Люди не пам'ятатимуть, що ти говорив чи що ти робив, але ніколи не забудуть, що ти змусив їх відчути"
"Не важливо, наскільки повільно ти рухаєшся, важливо, що ти не зупиняєшся"
"Аби повести людей за собою, піди за ними"
"Пам'ятайте, що іноді не досягти успіху – теж велика удача"
"Завжди обирайте найважчу дорогу – на ній ви не зустрінете конкурентів"
"Одне добре виконане завдання варте пів сотні наполовину виконаних"
"Щастя – не отримують. Щастя залежить від дій"
"Якщо вам пропонують місце на космічному кораблі, не питайте, що за місце! Просто займіть його"
"Якщо немає вітру, беріться за весла"
"Завжди пам'ятайте про те, що ваше власне рішення досягти успіху набагато важливіше за все інше"
"Щастя – не отримують. Щастя залежить від дій"
"Успіх – це вміння крокувати від однієї невдачі до іншої, не втрачаючи ентузіазму"
"Потрібно вірити, що талант нам дається для чогось і що його потрібно для чогось використовувати"
"Якщо ваш внутрішній голос каже, що ви не вмієте малювати – малюйте якомога більше, тоді цей голос замовкне"
"Якщо знати 'навіщо', то завжди знайдеться 'як'"
"Я знав чимало талановитих людей – вони до кінця життя залишалися на березі і питали себе: 'чи зможу я'"
"Лише наполегливість відрізняє успішних підприємців від невдах"
"У кожної людини є руки, ноги, голова і 168 годин на тиждень, щоб зробити все те, чого вона по-справжньому бажає"
"Дай кожному дню шанс стати найпрекраснішим у твоєму житті!"
"Іноді думаєш: все скінчено, крапка, а насправді – це початок. Тільки іншого розділу"
"Сильна людина не та, яка може собі багато дозволити, а та яка може багато від чого відмовитися"
"Ніколи не пізно ставити нові цілі і мріяти про щось більше"
"Іноді тобі потрібно зробити крок назад, вдихнути глибше, і нагадати собі хто ти і ким ти хочеш бути"
"Іноді добре не відбувається, тим самим відкриваючи дорогу кращому"
"Умій відпускати, хоча б тому, що вантаж минулого занадто важкий, щоб нести його на собі"
"Найважчий поєдинок – це коли за успіх доводиться боротися з лінню"
"Поки ми відкладаємо життя, воно проходить"
"Краще зробити щось зайве, чим не зробити чогось важливого"
"Потрібно міняти не обставини, потрібно міняти свідомість"
"Життя – колесо, що сьогодні внизу – завтра нагорі"
"Діяти – найкращі ліки проти страху"
"Якщо у вас є ідея, в яку ви по–справжньому вірите, то робіть щось, інакше вона так і залишиться лише ідеєю"
"Ви повинні почати діяти і вирішувати проблеми в міру їх виникнення"
"Краще взяти і винайти завтрашній день, ніж переживати про те, що вчорашній був так собі"
"Завжди намагайтеся прагнути до кращого і ніколи не зупиняйтеся"
"Пам’ятайте, що хороша ідея, яка прийшла в вашу голову нічого не варта, рівно до тих пір, поки не буде перевірена дією і практикою"
"Гарненько запам’ятайте, що труднощі і невдачі неминучі. Застрахуватися від усього неможливо"
"Будьте щасливі тут і зараз, інакше це ніколи не трапиться"
"Не можна вічно чекати відповідного моменту, треба просто створити його"
"Справа в тому, що коли ви працює 24 години на добу і 7 днів на тиждень, успіх приходить до вас сам"
"Ми самі придумуємо собі проблеми, перешкоди, комплекси і рамки, звільни себе – вдихни життя і зрозумій, що ти можеш все"
"Пройде 3-15 років, і ти будеш більше шкодувати про те, чого не зробив, ніж про те, що зробив не так"
"Буде боляче – кричи, буде важко – кричи, роби все, що в твоїх силах, але не смій опускати руки! Бийся! Бийся до останнього подиху!"
"Наш великий недолік в тому, що ми занадто швидко опускаємо руки. Найвірніший шлях до успіху – весь час пробувати ще один раз"
"Немає недосяжних цілей — є високий коефіцієнт ліні, недолік кмітливості і запас відмовок"
"Зберігайте спокій та продовжуйте"
"Хто не жив посеред бурі, той ціни не знає силі"
"Якщо ти за все життя не посадив жодного дерева – плати за чисте повітря"
"Можуть бути люди, які мають більше таланту, але не може бути виправданням, що вони старанніше, ніж ви"
"Щастя — це відчуття того, що сила зростає, що опір долається"
"Життя — це квітка, медом якої є любов"
"Лиш мати вміє жити, аби світитися, немов зоря"
"Я насолоджуюся життям, коли щось відбувається. Мені байдуже, чи це хороші речі, чи погані. Це означає, що ти живий"
"Життя важке, але воно ще важче, коли ти дурний"
"Ви живете лише раз, але якщо ви робите це правильно, одного разу достатньо"
"Коли ви подорослішаєте, ви виявите, що у вас є дві руки: одна для того, щоб допомагати собі, а інша — щоб допомагати іншим"
"Ви ніколи не навчитеся чомусь, тільки слухаючи самих себе"
"Я люблю критику. Вона робить тебе сильнішим"
"Коли ми прагнемо стати кращими, ніж ми є, все навколо нас теж стає кращим"
"Світ ловив мене, та не спіймав"
"Ви не повинні втрачати віру в людство. Людство — це океан; якщо кілька крапель океану брудні, океан не стає брудним"
"Іноді ти не можеш побачити себе чітко, поки не подивишся на себе очима інших"
"А секунди летять. Отак можна вмерти й нічого не встигнути. Встигаєш тільки втомитися"
"Не плач, бо все скінчилося, посміхайся, бо це сталося"
"На світі той намудріший, хто найдужче любить життя"
"Неосмислене життя не варте того, щоб його прожити"
"У житті ви зустрінете два типи людей: тих, хто будує вас, і тих, хто вас руйнує. Але врешті-решт ти будеш вдячний їм обом."
"Багато людей здаються якраз перед тим, як у них щось вийде. Ніколи не знаєш, яка перешкода стане останньою"
"Здоров’я — це найбільший дар, задоволеність — найбільше багатство, вірність — найкращі стосунки"
"Мрія дає нуль, якщо її не зробити життям"
"Занадто багато з нас не живуть своїми мріями, тому що живуть своїми страхами"
"Життя подібне до монети. Ви можете витратити його як завгодно, але лише один раз"
"Щоб жить – ні в кого права не питаюсь. Щоб жить – я всі кайдани розірву"
"Найкраща частина життя хорошої людини — це її маленькі безіменні, необтяжливі вчинки доброти й любові"
"Співай так, ніби ніхто не слухає, кохай так, ніби тобі ніколи не було боляче, танцюй так, ніби ніхто не дивиться, і живи так, ніби це рай на землі"
"Якщо хочеш веселку, мусиш змиритися з дощем"
"Я думаю, що якщо ви живете в чорно-білому світі, ви будете дуже страждати. Я була такою. Але я більше в це не вірю"
"Цікавість до життя в усіх його аспектах, я думаю, все ще залишається секретом великих творчих людей"
"Будьте щасливі за цю мить. Ця мить — твоє життя"
"Людина лише тоді по-справжньому дорожить життям, коли в неї є щось несумірно дорожче за власне життя"
"Продовжуйте посміхатися, тому що життя — прекрасна річ, і в ньому так багато приводів для посмішки"
"Живіть кожну секунду, не вагаючись"
"Хто не був високо, той зроду не збагне, як страшно впасти"
"Можливо, це і є життя… підморгування очей, підморгування зірок"
"Якби життя було передбачуваним, воно перестало б бути життям і було б позбавлене смаку"
"Кожен страйк наближає мене до наступного хоум-рану"
"Роби все хороше, що можеш, для всіх людей, що можеш, всіма способами, що можеш, так довго, як можеш"
"Життя не вимагає, щоб ми були найкращими, лише щоб ми намагалися робити все, що в наших силах"
"Життя схоже на їзду на велосипеді. Щоб утримати рівновагу, ви повинні постійно рухатися"
"Чим більше людина медитує над добрими думками, тим кращим буде її світ і світ в цілому"
"Коли ви перестаєте мріяти, ви перестаєте жити"
"Весь секрет успішного життя полягає в тому, щоб з’ясувати, в чому полягає твоє призначення, а потім зробити це"
"Життя справді складне, і єдиний у ньому підручник – досвід"
"Хороші друзі, хороші книги й спляча совість — ось ідеальне життя"
"Життя не в тому, щоб чекати, коли закінчиться буря, а в тому, щоб навчитися танцювати під дощем"
"Немає нічого більш почесного, ніж вдячне серце"
"Життя — це творення, а не отримання вигоди"
"Ніколи не пізно — ніколи не пізно почати спочатку, ніколи не пізно бути щасливим"
"Перетворіть свої рани на мудрість"
"Ніколи не сприймайте життя серйозно. Ніхто все одно не виходить звідти живим"
"Сьогодні у вас залишилося 100% вашого життя"
"У довгостроковій перспективі найгостріша зброя — це добрий і лагідний дух"
"Життя нав’язує вам речі, які ви не можете контролювати, але у вас все ще є вибір, як ви збираєтеся пережити це"
"Ніхто з тих, хто коли-небудь віддавав все, що мав, не шкодував про це"
"Будь там, де ти є, інакше ти проґавиш своє життя"
"Не зациклюйтеся на минулому, не мрійте про майбутнє, зосередьте розум на теперішньому моменті"
"Ваш імідж — це не ваш характер. Характер — це те, ким ви є як особистість"
"Ти сам створюєш свій день. Ти сам твориш своє життя"
"Більшість життєвих невдач — це люди, які не усвідомлювали, наскільки вони були близькі до успіху, коли здавалися"
"Треба жити на повну котушку, адже життя коротке, а ми тут, щоб жити"
"Наш вибір показує, ким ми є насправді, набагато більше, ніж наші здібності"
"Гадаю, насправді все зводиться до простого вибору. Займися життям або займися смертю"
"Живи так, ніби завтра помреш. Вчися так, ніби ти будеш жити вічно"
"Ви не можете ні на що покласти межу. Чим більше ви мрієте, тим далі ви потрапляєте"
"Гроші та успіх не змінюють людей, вони лише посилюють те, що вже є"
"Життя — це не проблема, яку потрібно вирішити, а реальність, яку потрібно пережити"
"У вас є мізки в голові. У вас є ноги у вашому взутті. Ти можеш спрямувати себе в будь-якому напрямку, який вибереш"
"Не дозволяйте своєму минулому або теперішньому стану контролювати вас. Це лише процес, через який ви проходите, щоб перейти на наступний рівень"
"Життя є таким, яким ми його робимо, завжди було, є і буде"
"Різні люди, різні переконання, різні прагнення, різні надії, різні мрії"
"Я вірю, що в житті немає нічого неважливого, кожна мить може стати початком"
"Не буває помилок, бувають лише можливості"
"У житті є щось більше, ніж баскетбол. Найважливіше — це ваша сім’я, піклування один про одного і любов, незважаючи ні на що"
"Щаслива та людина, яка може заробляти на життя своїм хобі"
"Жах не в тому, що щось зміниться, — жах у тому, що все може залишитися так само"
"Не те, як довго, а те, як добре ти прожив — ось що головне"
"Головний урок життя, крихітко — ніколи нікого і нічого не боятися"
"Життя — це послідовність уроків, які треба прожити, щоб їх зрозуміти"
"Коли ми робимо все, що можемо, ми ніколи не знаємо, яке диво відбувається в нашому житті або в житті іншого"
"Як тільки ви зрозумієте, хто ви й що ви любите в собі, я думаю, все стане на свої місця"
"Футбол схожий на життя, він вимагає наполегливості, самозречення, важкої праці, самовіддачі та поваги до авторитетів"
"Ти приймеш знов життя і так захочеш жити, його пізнавши глибоко, до дна"
"Найздоровіша реакція на життя — це радість"
"Життя було б трагічним, якби не було смішним"
"Щохвилини, коли ти не вчишся, я вважаю, що ти помер"
"Кожна людина – це світ, який із ним народжується і з ним вмирає"
"Найбільша насолода в житті — це любов"
"Ви обираєте життя, яким живете. Якщо воно вам не подобається, ви повинні його змінити, бо ніхто інший не зробить цього за вас"
"Життя — це те, що відбувається, коли ти зайнятий іншими планами"
"У міру того, як мої знання про речі зростали, я все більше і більше відчувала захоплення від світу, в якому я перебуваю"
"Життя насправді просте, але люди наполягають на тому, щоб зробити його складним"
"Вас не визначає ваше минуле; ви підготовлені ним. Ви сильніші, досвідченіші та впевненіші в собі"
"Живіть на сонці, плавайте в морі, пийте дике повітря"
"Якщо ми не змінюємося, ми не розвиваємося. Якщо ми не розвиваємося, ми не живемо по-справжньому"
"Мета нашого життя — бути щасливими"
"Коли очевидно, що цілі не можуть бути досягнуті, не коригуйте цілі, а коригуйте кроки дій"
"Якщо ви проживете достатньо довго, ви наробите помилок. Але якщо ви будете вчитися на них, ви станете кращою людиною"
"Якщо ви можете робити те, що у вас виходить найкраще, і бути щасливим, ви просунулися в житті далі, ніж більшість людей"
"У житті немає жалю, є лише уроки"
"Не бійтеся зазнати невдачі. Це не кінець світу, і багато в чому це перший крок до того, щоб чогось навчитися і стати краще"
"Я вірю, що кожна людина має обмежену кількість ударів серця. Я не маю наміру витрачати жодного з них даремно"
"Секрет щастя — не в тому, щоб прагнути більшого, а в тому, щоб розвивати здатність насолоджуватися меншим"
"Життя — це на десять відсотків те, що з вами відбувається, і на дев’яносто відсотків те, як ви на це реагуєте"
"Ви проходите через це життя лише один раз, ви не повернетесь на біс"
"У трьох словах я можу підсумувати все, що я дізнався про життя: воно триває"
"Ніколи не дозволяйте страху утримати вас від гри"
"Зробіть кожен день своїм шедевром"
"Займися життям або займися смертю"
"Якщо ви проведете все життя в очікуванні бурі, ви ніколи не будете насолоджуватися сонячним світлом"
"Кожна мить — це новий початок"
"Життя — це мрія для мудрого, гра для дурня, комедія для багатого, трагедія для бідного"
"Для того, щоб писати про життя, спочатку треба його прожити"
"Якщо ви любите життя, не витрачайте час даремно, бо час — це те, з чого складається життя"
"Я навчився шукати своє щастя, обмежуючи свої бажання, а не намагаючись їх задовольнити"
"Моя місія в житті — не просто вижити, а процвітати; і робити це з пристрастю, співчуттям, гумором і певним стилем"
"Чим більше ви хвалите і святкуєте своє життя, тим більше в ньому є чого святкувати"
"Найкращий спосіб передбачити своє майбутнє — створити його"
"Моя мама завжди казала, що життя схоже на коробку цукерок. Ніколи не знаєш, що тобі дістанеться"
"Не задовольняйся тим, що дає тобі життя; зроби його кращим і побудуй щось"
"Живе той, хто не живе для себе, хто для других виборює життя"
"Ти всього лише людина. Ти живеш один раз, і життя прекрасне, тому з’їж клятий червоний оксамитовий кекс"
"Все негативне — тиск, виклики — все це можливість для мене піднятися"
"Життя стискається або розширюється пропорційно до чиєїсь сміливості"
"Просто відключіться. Раз на день, коли-небудь, сядьте мовчки й відключіться від усіх зв’язків"
"Трагедія життя полягає в тому, що ми старіємо занадто рано, а мудріємо занадто пізно"
"Будьте люб’язні з людьми на шляху вгору, тому що ви можете зустріти їх на шляху вниз"
"Все життя — це експеримент. Чим більше експериментів ви робите, тим краще"
"Якщо ви хочете прожити щасливе життя, прив’яжіть його до мети, а не до людей чи речей"
"Прожити досвід, конкретну долю — це означає прийняти її повністю"
"Чим довше я живу, тим прекраснішим стає життя"
"Життя дуже цікаве… зрештою, деякі з ваших найбільших болів стають вашими найбільшими сильними сторонами"
"Ви повинні очікувати від себе великих речей, перш ніж зможете їх зробити"
"Знайдіть людей, які зроблять вас кращими"
"Тяжко, тяжко в світі жить І нікого не любить"
"Орлині крила маєм за плечима, самі ж кайданами прикуті до землі"
"Дисципліна - це місток між цілями та досягненнями"
"Світло завтра з сьогоднішнім днем"
"Не рахуй днів, а вважай дні"
"Сьогодні ідеальний день для того, щоб почати жити своїми мріями"
"Повірте, що можете, і ви на півдорозі"
"Секрет вашого майбутнього прихований у вашому розпорядку дня"
"Думати про багато речей; зробіть один"
"Задоволення від роботи додає досконалості у роботі"
"Неможливе - це лише думка"
"Зробіть кожен день своїм шедевром"
"Удача - це питання підготовки до зустрічі"
"Ким би ти не був, будь хорошим"
"Люди починають досягати успіху, як тільки вони вирішують це зробити."
"Не зменшуйте мету. Збільште зусилля"
"Якщо ви втомилися, навчіться відпочивати, а не кидати."
"Помилка - успіх у процесі"
"Невдача-це об’їзд, а не тупикова вулиця"
"Дії виражають пріоритети"
"Найнадійніший спосіб передбачити майбутнє - це створити його."
"Негативний розум ніколи не дасть вам позитивного життя."
"Справжні лідери не створюють послідовників. Вони створюють більше лідерів."
"Великі очікування - ключ до всього"
"Успіх-це сума невеликих зусиль, що повторюються щоденно і поза днями."
"Ви стаєте тим, про що думаєте"
"Ніколи не псуйте вибачення виправданням"
"Через рік ти можеш побажати, щоб почав сьогодні"
"Успіх - це сума невеликих зусиль, що повторюються день за днем"
"Спочатку виконуйте важку роботу. Легка робота займеться собою"
"Вчіться на помилках інших. Ви не можете прожити досить довго, щоб зробити їх самими"
"Якщо ти щоразу влучаєш у ціль, вона надто близько або занадто велика"
"Ви ніколи не будете орати поле, якщо тільки перевернете його у своєму розумі"
"Дозвольте мені відкрити вам секрет, який привів мене до моїх цілей: моя сила полягає виключно в моїй наполегливості"
"Не важливо, наскільки повільно ти йдеш, поки ти не зупиняєшся"
"Після того, як ви взяли на себе зобов’язання, вам знадобиться дисципліна та наполеглива праця, щоб досягти цього"
"Кожна невдача - це урок. Якщо ви не готові зазнати невдачі, ви не готові досягти успіху"
"Те, що ми боїмося робити найбільше, - це, як правило, те, що нам найбільше потрібно робити"
"Одним із симптомів наближення нервового зриву є віра в те, що робота людини надзвичайно важлива"
"Коли вони дадуть вам аркуш паперу, напишіть іншим способом"
"Люди рідко досягають успіху, якщо їм не цікаво те, що вони роблять"
"Я б скоріше шкодував про те, що зробив, ніж про те, чого не зробив"
"Жоден шедевр людини не був створений без великої праці"
"Будьте як поштова марка. Дотримуйтесь чогось, поки не дійдете"
"Побудуйте власні мрії, інакше хтось найме вас для створення їхніх мрій"
"Це життя. Ти не розбираєшся. Просто підніміться на звіра і їдьте"
"Запитайте себе, що ви робите сьогодні, щоб наблизити вас до того місця, де ви хочете бути завтра"
"Життя схоже на фільм, напишіть власний кінець. Продовжуйте вірити, продовжуйте вдавати"
"Ніщо не є менш продуктивним, ніж зробити більш ефективним те, що взагалі не слід робити"
"Якщо ми можемо оскаржити конвенцію, ми можемо вирішити будь -яку проблему"
"Ви можете отримати те, чого бажаєте. Але ви обов’язково отримаєте те, на що працюєте."
"Якщо ви запалите лампу комусь іншому, це також скрасить ваш шлях"
"Ідіть так далеко, як бачите; коли ти туди потрапиш, то побачиш далі"
"Завжди будь першокласною версією себе, а не другосортною версією когось іншого"
"Вас виснажують не гори попереду, на які потрібно піднятися; це камінчик у вашому взутті"
"Покажіть мені людину, яка ніколи не помилялася, і я покажу вам людину, яка ніколи не досягла багатого"
"Незалежно від ситуації, не дозволяйте емоціям переважати ваш інтелект"
"Особа, яка каже, що це неможливо, повинна відступити від того, хто це робить"
"Важка праця перемагає талант, коли талант не працює наполегливо"
"Ніколи не дозволяйте людині сказати вам ні, хто не має сили сказати так"
"Дві речі, над якими ви повністю контролюєте життя - це ваше ставлення та ваші зусилля"
"Витратьте вісімдесят відсотків свого часу, зосереджуючись на можливостях завтрашнього дня, а не на проблемах вчора"
"Геніальна людина не робить помилок; його помилки є вольовими і є порталами відкриття"
"Інновації відрізняються від лідера та послідовника"
"Ви не можете чекати натхнення. Потрібно йти за ним з клубом"
"Секретів успіху немає. Це результат підготовки наполегливої роботи та навчання з невдач"
"Ви повинні сказати собі: «Як би важко і важко не було, я впораюся»"
"Ваша уява - це ваш попередній перегляд найближчих визначних пам'яток життя"
"Єдине, що долає важку удачу, - це важка праця"
"Станьте таким лідером, за яким люди пішли б добровільно; навіть якщо ти не мав титулу чи посади"
"Виконуйте ефективні дії з тихим роздумом. З тихого роздуму вийде ще більш ефективна дія"
"Розум без амбіцій - це птах без крил"
"Я не продукт своїх обставин. Я - продукт своїх рішень"
"Успіх - це стан душі. Якщо ти хочеш успіху, почни вважати себе успіхом"
"Стратегія без тактики - найповільніший шлях до перемоги. Тактика без стратегії - це шум перед поразкою"
"У житті є два основних варіанти: прийняти умови такими, які вони існують, або взяти на себе відповідальність за їх зміну"
"Все, чого ви коли-небудь хотіли, знаходиться по той бік страху"
"Як тільки ти сумніваєшся, чи можеш ти літати, ти назавжди перестаєш це робити"
"Аматори сидять і чекають натхнення, а ми просто встаємо і йдемо на роботу"
"Ті, хто каже, що це неможливо, не повинні перебивати тих, хто це робить"
"Десь щось неймовірне чекає, коли стане відомим"
"Успіх не будується на успіху. Він побудований на невдачах. Він побудований на розчаруванні. Іноді він побудований на катастрофі"
"Інтелект - це здатність пристосовуватися до змін"
"Якщо ви не звернете належної уваги на те, що приділяє вам увагу, це приверне вашу увагу більше, ніж того заслуговує"
"Краще помилитися в оригінальності, ніж досягти успіху в наслідуванні"
"Ви хочете знати, хто ви? Не питайте. Дійте! Дія окреслить і визначить вас"
"Лідери можуть дозволити вам зазнати невдач, але не дозволити вам стати невдачею"
"Щастя - це справжнє почуття задоволення, яке виникає у результаті важкої праці"
"Єдиний спосіб досягти неможливого - це повірити, що це можливо"
"Ти ніколи не занадто старий, щоб поставити собі іншу мету або мріяти про нову мрію"
"Якби у мене було вісім годин, щоб зрубати дерево, я витратив би шість годин на заточку сокири"
"Дуже часто зміна себе потрібна більше, ніж зміна сцени"
"Більшість важливих справ у світі досягли люди, які продовжували намагатися, коли здавалося, що надії взагалі немає"
"Це не щоденне збільшення, а щоденне зменшення. Відірвіться від несуттєвих"
"Якщо ви не бачите себе переможцем, то ви не можете виступати переможцем"
"Лише за допомогою праці та болісних зусиль, із похмурою енергією та рішучою мужністю ми переходимо до кращих справ"
"Здається, що невдача - це не жаль, який переслідує більшість людей; це вибір взагалі не ризикувати невдачею"
"Не прагніть до успіху, якщо ви цього хочете, просто робіть те, що вам подобається і у що вірите, і це прийде само собою"
"Сьогодні не просто черговий день. Це нова можливість, ще один шанс, новий початок. Прийняти це"
"Попрацюйте над тим, щоб бути закоханим у людину в дзеркалі, яка стільки пережила, але все ще стоїть"
"Не зупиняйся зараз. Продовжуйте молоти і подивіться, що станеться, коли ви не здастеся"
"Талант виграє ігри, але командна робота та інтелект виграють чемпіонати"
"Наш найбільший страх повинен полягати не в невдачі, а в досягненні успіху в житті, що насправді не має значення"
"Щоб зрозуміти серце і розум людини, подивіться не на те, чого вона вже досягла, а на те, до чого вона прагне"
